Workbook

Sheet フォーム回答
A1: 日時 | B1: 氏名 | C1: 商品 | D1: 数量 | E1: 単価 | F1: 金額 | G1: 年月 | I1: ※ダミーデータ。実際はGoogleフォームの回答がA〜E列に入ります(F・G列は表示用の計算列)。
A2: 46236.534 | B2: サンプル花子 | C2: ハンドメイド雑貨B | D2: 2 | E2: 2500 | F2: =D2*E2 | G2: =TEXT(A2,"yyyy-mm")
A3: 46237.503 | B3: テスト二葉 | C3: ギフトセット | D3: 1 | E3: 4800 | F3: =D3*E3 | G3: =TEXT(A3,"yyyy-mm")
A4: 46245.476 | B4: サンプル太郎 | C4: ギフトセット | D4: 1 | E4: 4800 | F4: =D4*E4 | G4: =TEXT(A4,"yyyy-mm")
A5: 46245.752 | B5: サンプル太郎 | C5: ハンドメイド雑貨A | D5: 2 | E5: 1200 | F5: =D5*E5 | G5: =TEXT(A5,"yyyy-mm")
A6: 46249.827 | B6: テスト二葉 | C6: ギフトセット | D6: 4 | E6: 4800 | F6: =D6*E6 | G6: =TEXT(A6,"yyyy-mm")
A7: 46250.626 | B7: サンプル太郎 | C7: ギフトセット | D7: 3 | E7: 4800 | F7: =D7*E7 | G7: =TEXT(A7,"yyyy-mm")
A8: 46252.471 | B8: サンプル花子 | C8: ハンドメイド雑貨B | D8: 1 | E8: 2500 | F8: =D8*E8 | G8: =TEXT(A8,"yyyy-mm")
A9: 46252.836 | B9: サンプル太郎 | C9: ギフトセット | D9: 2 | E9: 4800 | F9: =D9*E9 | G9: =TEXT(A9,"yyyy-mm")
A10: 46257.503 | B10: テスト一郎 | C10: ギフトセット | D10: 4 | E10: 4800 | F10: =D10*E10 | G10: =TEXT(A10,"yyyy-mm")
A11: 46258.847 | B11: ダミー三郎 | C11: ギフトセット | D11: 4 | E11: 4800 | F11: =D11*E11 | G11: =TEXT(A11,"yyyy-mm")
A12: 46261.758 | B12: テスト一郎 | C12: ハンドメイド雑貨B | D12: 1 | E12: 2500 | F12: =D12*E12 | G12: =TEXT(A12,"yyyy-mm")
A13: 46262.72 | B13: テスト二葉 | C13: ギフトセット | D13: 3 | E13: 4800 | F13: =D13*E13 | G13: =TEXT(A13,"yyyy-mm")
... A37: 46323.527 | B37: サンプル花子 | C37: ハンドメイド雑貨B | D37: 3 | E37: 2500 | F37: =D37*E37 | G37: =TEXT(A37,"yyyy-mm")

Sheet 月次集計
A1: 月次集計(GAS実行後の出力イメージ)
A3: 年月 | B3: 商品 | C3: 数量 | D3: 金額(円)
A4: 2026-08 | B4: ハンドメイド雑貨A | C4: =SUMIFS(フォーム回答!$D$2:$D$37,フォーム回答!$G$2:$G$37,A4,フォーム回答!$C$2:$C$37,B4) | D4: =SUMIFS(フォーム回答!$F$2:$F$37,フォーム回答!$G$2:$G$37,A4,フォーム回答!$C$2:$C$37,B4)
A5: 2026-08 | B5: ハンドメイド雑貨B | C5: =SUMIFS(フォーム回答!$D$2:$D$37,フォーム回答!$G$2:$G$37,A5,フォーム回答!$C$2:$C$37,B5) | D5: =SUMIFS(フォーム回答!$F$2:$F$37,フォーム回答!$G$2:$G$37,A5,フォーム回答!$C$2:$C$37,B5)
A6: 2026-08 | B6: ギフトセット | C6: =SUMIFS(フォーム回答!$D$2:$D$37,フォーム回答!$G$2:$G$37,A6,フォーム回答!$C$2:$C$37,B6) | D6: =SUMIFS(フォーム回答!$F$2:$F$37,フォーム回答!$G$2:$G$37,A6,フォーム回答!$C$2:$C$37,B6)
A7: 2026-09 | B7: ハンドメイド雑貨A | C7: =SUMIFS(フォーム回答!$D$2:$D$37,フォーム回答!$G$2:$G$37,A7,フォーム回答!$C$2:$C$37,B7) | D7: =SUMIFS(フォーム回答!$F$2:$F$37,フォーム回答!$G$2:$G$37,A7,フォーム回答!$C$2:$C$37,B7)
A8: 2026-09 | B8: ハンドメイド雑貨B | C8: =SUMIFS(フォーム回答!$D$2:$D$37,フォーム回答!$G$2:$G$37,A8,フォーム回答!$C$2:$C$37,B8) | D8: =SUMIFS(フォーム回答!$F$2:$F$37,フォーム回答!$G$2:$G$37,A8,フォーム回答!$C$2:$C$37,B8)
A9: 2026-09 | B9: ギフトセット | C9: =SUMIFS(フォーム回答!$D$2:$D$37,フォーム回答!$G$2:$G$37,A9,フォーム回答!$C$2:$C$37,B9) | D9: =SUMIFS(フォーム回答!$F$2:$F$37,フォーム回答!$G$2:$G$37,A9,フォーム回答!$C$2:$C$37,B9)
A10: 2026-10 | B10: ハンドメイド雑貨A | C10: =SUMIFS(フォーム回答!$D$2:$D$37,フォーム回答!$G$2:$G$37,A10,フォーム回答!$C$2:$C$37,B10) | D10: =SUMIFS(フォーム回答!$F$2:$F$37,フォーム回答!$G$2:$G$37,A10,フォーム回答!$C$2:$C$37,B10)
A11: 2026-10 | B11: ハンドメイド雑貨B | C11: =SUMIFS(フォーム回答!$D$2:$D$37,フォーム回答!$G$2:$G$37,A11,フォーム回答!$C$2:$C$37,B11) | D11: =SUMIFS(フォーム回答!$F$2:$F$37,フォーム回答!$G$2:$G$37,A11,フォーム回答!$C$2:$C$37,B11)
A12: 2026-10 | B12: ギフトセット | C12: =SUMIFS(フォーム回答!$D$2:$D$37,フォーム回答!$G$2:$G$37,A12,フォーム回答!$C$2:$C$37,B12) | D12: =SUMIFS(フォーム回答!$F$2:$F$37,フォーム回答!$G$2:$G$37,A12,フォーム回答!$C$2:$C$37,B12)
B13: 合計 | C13: =SUM(C4:C12) | D13: =SUM(D4:D12)
A15: GASを実行すると、この表が自動で更新され、月初にメールで届きます。
